batterId,team,lastName,firstName,batHand,throwHand,freshmanYear
1697,ALST,White,Eriq,R,R,16
1673,ALST,Vazquez,Ivanniel,L,L,15
1566,ALST,Roblez,Jon,R,R,14
1556,ALST,Rivera,Edgardo,L,L,13
1555,ALST,Rios,Gustavo,R,R,15
1534,ALST,Prioleau,Oscar,S,R,16
1519,ALST,Phillips,Hunter,L,L,15
1516,ALST,Perez,Ricky,L,L,17
1505,ALST,Pagan,Yamil,R,R,15
1494,ALST,Ocasio,Carlos,R,R,14
1438,ALST,Melecio,Daniel,L,L,16
1424,ALST,McCall,Terrell,R,R,16
1366,ALST,Laney,Chase,R,R,15
1334,ALST,Kelly,Darren,R,R,15
1301,ALST,Howe,Tyler,R,R,13
1280,ALST,Hernandez,Ray,R,R,15
1236,ALST,Gonzalez,Carlos,L,L,16
1226,ALST,Gerard,Nate,R,R,16
1191,ALST,Estrada,Joseph,S,R,15
1182,ALST,Echelmeier,Burke,R,R,14
1177,ALST,Dunson,Joshua,R,R,17
1169,ALST,Drayton,Jared,R,R,16
1129,ALST,Cox,Cage,L,R,17
1108,ALST,Coffin,Patrick,R,L,14
1091,ALST,Caples,Brandon,R,R,14
1050,ALST,Bizzle,Austin,R,R,14
1049,ALST,Biocic,Chris,R,R,13
1041,ALST,Benevolent,John,R,R,17
1014,ALST,Amion,Diandre,L,L,16
1011,ALST,Allen,Hunter,R,R,15
1716,BC,Yish,Jacob,R,R,17
1709,BC,Witkowski,John,S,R,16
1677,BC,Walsh,Joey,L,L,17
1649,BC,Suozzi,Joe,R,R,16
1639,BC,Stone,Brandon,L,R,18
1635,BC,Stevens,Jacob,S,R,16
1545,BC,Rapp,Brian,R,R,15
1506,BC,Palomaki,Jake,S,R,14
1446,BC,Metzdorf,Dan,L,L,16
1418,BC,Maselli,Anthony,L,R,14
1407,BC,Martellini,Gian,R,R,15
1365,BC,Lane,Thomas,L,R,16
1305,BC,Hughes,Sean,R,R,16
1239,BC,Goodreau,Jake,L,R,17
1230,BC,Gill,Matt,L,R,17
1223,BC,Galland,Chris,R,R,17
1156,BC,Dempsey,Brian,R,R,16
1137,BC,Cunningham,Jack,L,R,16
1061,BC,Braren,Scott,L,L,14
1048,BC,Bigras,Mitch,L,L,14
1025,BC,Baldelli,Dante,R,R,16
1021,BC,Bacon,Connor,L,R,16
1013,BC,Alu,Jake,L,R,15
102,BC,Stromberg,Zach,L,L,16
101,BC,Skogsbergh,Bobby,R,R,15
100,BC,Soucy,Aaron,R,R,17
55,BC,Adams,Johnny,R,R,14
54,BC,Frenandes,Luke,R,R,14
53,BC,Balogh,Chris,L,L,14
52,BC,Casey,Donovan,R,R,15
51,BC,Strem,Michael,R,R,14
1717,CIN,Yoakam,Jarod,R,R,15
1698,CIN,Wiemer,Joey,R,R,17
1587,CIN,Schimmoeller,Tanner,R,R,15
1582,CIN,Santiago,Eric,R,R,16
1568,CIN,Rodriguez,Manny,R,R,14
1542,CIN,Ramey,Jordan,R,R,15
1498,CIN,Olson,Isaac,R,R,17
1497,CIN,Olasz,Aj,L,L,15
1476,CIN,Murphy,Cole,L,R,15
1470,CIN,Mottice,Kyle,L,R,16
1463,CIN,Moore,Nathan,R,R,17
1442,CIN,Mercer,Jace,S,R,16
1436,CIN,Mcvey,Connor,R,R,13
1259,CIN,Hammans,Tristan,R,R,15
1253,CIN,Haberkorn,Treg,L,L,14
1149,CIN,Deanna,Mason,R,R,15
1113,CIN,Colvin,Clayton,R,R,16
1078,CIN,Bumpass,Aj,L,R,15
1062,CIN,Bremner,Dondrae,L,R,17
1023,CIN,Baker,Cael,R,R,17
1654,CIT,Taglieri,Zach,R,R,17
1578,CIT,Sabo,Jonathan,R,R,14
1522,CIT,Pillsbury,Will,L,L,17
1514,CIT,Peden,Ben,L,R,15
1419,CIT,Massey,Aidan,R,R,17
1410,CIT,Martin,Clay,L,L,14
1342,CIT,Kinney,William,R,R,14
1323,CIT,Judkins,Andrew,L,L,17
1201,CIT,Finneseth,Gunnar,L,L,18
1145,CIT,Davis,JD,R,R,16
1126,CIT,Cothran,Taylor,R,R,15
1076,CIT,Buffington,Cole,R,R,15
1044,CIT,Bialakis,Alex,R,R,16
1036,CIT,Beckley,Devin,R,R,18
1029,CIT,Barbee,Hunter,R,R,18
1702,CLEM,Williams,Chris,R,R,15
1700,CLEM,Wilkie,Kyle,R,R,17
1695,CLEM,Wharton,Drew,R,R,15
1686,CLEM,Weatherly,Sam,L,L,18
1658,CLEM,Teodosio,Bryce,R,L,18
1643,CLEM,Strider,Spencer,R,R,18
1631,CLEM,Spiers,Carson,R,R,17
1589,CLEM,Schnell,Alex,L,L,15
1548,CLEM,Renwick,Adam,R,R,15
1455,CLEM,Miller,Ryan,R,R,15
1454,CLEM,Miller,Mitchell,L,L,17
1444,CLEM,Meredith,Kier,L,L,18
1405,CLEM,Marr,Travis,R,R,17
1394,CLEM,Majkowski,Bo,L,R,18
1321,CLEM,Jones,Holt,R,R,18
1318,CLEM,Jolly,Robert,L,R,15
1304,CLEM,Huggins,Ryne,R,L,17
1289,CLEM,Higginbotham,Jake,L,L,16
1277,CLEM,Hennessy,Jacob,L,L,17
1271,CLEM,Hawkins,Justin,R,R,15
1256,CLEM,Hall,Sam,R,R,18
1250,CLEM,Griffith,Owen,R,R,17
1248,CLEM,Greene,Jordan,R,R,16
1235,CLEM,Gobin,Bo,R,R,17
1231,CLEM,Gilliam,Ryley,R,R,16
1167,CLEM,Donathan,Drew,R,R,18
1143,CLEM,Davidson,Logan,S,R,17
1134,CLEM,Cromwell,Patrick,L,R,15
1132,CLEM,Crawford,Brooks,R,R,16
1125,CLEM,Cooper,Matt,R,R,18
1109,CLEM,Coker,Andrew,R,R,17
1104,CLEM,Clark,Mat,R,L,17
1085,CLEM,Byrd,Grayson,L,R,15
1056,CLEM,Bowen,Bryce,L,L,18
1037,CLEM,Beer,Seth,L,R,16
1724,DUK,Zyla,Peter,L,R,15
1703,DUK,Williams,Coleman,R,R,17
1679,DUK,Wardwell,Tyler,S,R,18
1660,DUK,Therien,Aaron,S,R,16
1657,DUK,Taylor,Kennie,R,R,16
1637,DUK,Stinson,Graeme,L,L,17
1633,DUK,Stallings,Mitch,L,L,15
1618,DUK,Smiciklas,Michael,L,R,15
1606,DUK,Shigaki-Than,Toma,R,R,18
1571,DUK,Rothenberg,Michael,S,R,18
1535,DUK,Proctor,Chris,L,R,16
1518,DUK,Pesto,Al,R,R,16
1487,DUK,Nifong,Josh,L,R,18
1483,DUK,Nichols,Erikson,R,R,17
1453,DUK,Miller,Max,R,R,15
1445,DUK,Mervis,Matt,L,R,17
1431,DUK,McGrath,Chris,R,L,15
1430,DUK,McGhee,James,L,L,15
1401,DUK,Mann,Steve,R,R,18
1387,DUK,Loperfido,Joey,L,R,18
1372,DUK,Laskey,Adam,R,L,17
1360,DUK,Labosky,Jack,R,R,15
1353,DUK,Kovachik,Cameron,R,R,17
1352,DUK,Kone,Zack,R,R,16
1313,DUK,Jarvis,Bryce,L,R,18
1303,DUK,Hoyle,Wil,S,R,18
1284,DUK,Hersh,Zack,R,L,16
1283,DUK,Herron,Jimmy,R,L,16
1243,DUK,Granoff,Sam,L,L,14
1232,DUK,Girard,Thomas,R,R,18
1178,DUK,Dutra,Chris,R,R,17
1165,DUK,Dockman,Matt,L,L,18
1153,DUK,DeCaster,Ethan,R,R,14
1148,DUK,Day,Ryan,R,R,15
1144,DUK,Davis,Hunter,R,R,16
1130,DUK,Crabtree,Chris,L,L,18
1117,DUK,Conine,Griffin,L,R,16
1103,DUK,Chillari,Bill,L,L,17
1101,DUK,Cheek,Chase,L,L,17
107,DUK,Bellinger,Justin,L,L,17
105,DUK,Calabretta,Daniel,R,R,15
1719,EKU,Zamora,Mitch,R,R,16
1704,EKU,Williams,Darren,R,R,17
1634,EKU,Stephens,Logan,L,R,16
1569,EKU,Romanik,Tyler,R,R,15
1427,EKU,Mcfarland,Daniel,L,L,14
1338,EKU,Kerr,Ryland,R,R,14
1322,EKU,Jones,Miles,L,L,16
1317,EKU,Johnson,Will,R,R,14
1302,EKU,Howie,Nick,R,R,16
1295,EKU,Holderbach,Alex,R,R,15
1264,EKU,Harris,Daniel,R,R,17
1206,EKU,Ford,Max,R,R,15
1154,EKU,Dehass,Brandon,R,R,17
1118,EKU,Conklin,Corey,L,R,14
1063,EKU,Brian,Will,L,L,18
1054,EKU,Botsoe,Chris,R,R,15
1001,EKU,Abbott,Jacob,R,R,17
1692,FSU,Wells,Steven,R,R,14
1670,FSU,Van Eyk,CJ,R,R,18
1652,FSU,Swanson,Cooper,R,R,17
1595,FSU,Scolaro,Jonah,L,L,18
1581,FSU,Sands,Cole,R,R,16
1580,FSU,Salvatore,Mike,R,R,15
1541,FSU,Raleigh,Cal,S,R,15
1529,FSU,Pollock,Austin,L,L,18
1509,FSU,Parrish,Drew,L,L,17
1439,FSU,Mendoza,Drew,L,R,16
1390,FSU,Lueck,Jackson,S,R,15
1359,FSU,Kwiatkowski,Clayton,L,L,17
1331,FSU,Karp,Andrew,R,R,15
1282,FSU,Herron,Jared,R,R,16
1241,FSU,Grady,Conor,R,R,18
1217,FSU,Frey,Skylar,R,R,15
1209,FSU,Foster,Jonathan,R,R,15
1204,FSU,Flowers,JC,R,R,17
1158,FSU,Derr,Nick,R,R,16
1099,FSU,Cavanaugh,Kyle,R,R,13
1055,FSU,Bournigal,Rafael,L,R,13
1015,FSU,Aplin,Rhett,L,L,14
1009,FSU,Albert,Reese,L,L,17
1713,INST,Wright,Max,L,R,16
1696,INST,Whitbread,Tyler,R,R,16
1687,INST,Weaver,Tristan,L,L,17
1683,INST,Watkins,Jarrod,L,R,15
1664,INST,Tofteland,Dane,R,R,14
1584,INST,Schaffer,Jordan,R,R,17
1557,INST,Rivers,Weston,L,L,14
1528,INST,Polley,Triston,L,L,16
1511,INST,Partlow,Bailey,R,R,16
1489,INST,Nowaskie,Brandt,L,R,15
1437,INST,Means,Jake,R,R,15
1369,INST,Larrison,Ethan,R,R,15
1310,INST,Jaco,Hayden,R,R,15
1306,INST,Huntley,CJ,R,R,15
1244,INST,Grauer,Tyler,L,L,17
1227,INST,Giesler,Dane,L,R,13
1196,INST,Fegen,Luke,R,R,15
1189,INST,Enriquez,Roberto,L,L,15
1173,INST,Dungan,Clay,L,R,15
1019,INST,Ayers,Chris,L,R,15
1676,IU,Walker,Justin,S,R,18
1642,IU,Stratten,Colby,R,R,15
1636,IU,Stiever,Jonathan,R,R,16
1628,IU,Sowers,Logan,R,R,15
1625,IU,Sommer,Tommy,L,L,18
1615,IU,Sloan,Grant,R,R,18
1579,IU,Sabol,BJ,L,L,15
1576,IU,Saalfrank,Andrew,L,L,17
1457,IU,Milto,Pauly,R,R,16
1452,IU,Miller,Luke,R,R,16
1402,IU,Manous,Connor,R,R,18
1388,IU,Lowe,Chris,R,R,15
1382,IU,Long,Austin,R,R,18
1381,IU,Loeffler,Pat,L,R,17
1380,IU,Lloyd,Matt,L,R,16
1379,IU,Litwicki,Matt,R,R,18
1357,IU,Kryzsko,Kade,R,R,15
1356,IU,Krueger,Cal,R,R,17
1329,IU,Kaletha,Logan,R,R,16
1300,IU,Houston,Jeremy,R,R,17
1290,IU,Hobbie,Brian,R,R,15
1281,IU,Herrin,Tim,L,L,16
1240,IU,Gorski,Matt,R,R,17
1200,IU,Fineman,Ryan,R,R,16
1192,IU,Eustace,Laren,L,L,15
1181,IU,Eaton,Nick,L,L,18
1174,IU,Dunham,Elijah,L,L,18
1136,IU,Cross,Wyatt,L,R,16
1131,IU,Crail,Sam,L,R,18
1079,IU,Bunnell,Cade,L,R,16
1059,IU,Bradley,Scotty,L,R,17
1033,IU,Beauchamp,Cameron,L,L,17
1030,IU,Barr,Cole,R,R,18
1027,IU,Balgaard,Caleb,R,R,18
1018,IU,Ashley,Drew,R,R,18
1722,KENT,Zimmerman,Jack,L,L,18
1721,KENT,Zeigler,Robert,R,R,14
1712,KENT,Wollersheim,Connor,L,L,16
1684,KENT,Watts,Joe,R,R,16
1667,KENT,Turner,Michael,L,R,18
1663,KENT,Tim,DalPorto,R,R,15
1629,KENT,Spangler,Zach,R,R,14
1617,KENT,Smetana,Jarrett,R,R,17
1614,KENT,Skolnicki,Jared,S,L,14
1594,KENT,Schultz,Zach,L,R,17
1593,KENT,Schuler,Pete,L,R,16
1591,KENT,Schreiber,John,L,L,15
1570,KENT,Romel,Collin,L,L,18
1525,KENT,Pittman,Trevor,R,R,18
1508,KENT,Parks,Pavin,L,R,16
1491,KENT,O'Brien,Kian,R,R,16
1477,KENT,Murray,Joey,R,R,16
1422,KENT,Matthews,John,R,R,17
1409,KENT,Martin,Chris,L,R,15
1398,KENT,Mamarella,Mason,L,R,14
1376,KENT,Lewandoski,Greg,S,L,18
1368,KENT,Larimer,Wyatt,R,R,18
1364,KENT,Lane,Ryan,R,R,18
1355,KENT,Kraus,Eli,L,L,15
1330,KENT,Kanavas,Nick,R,R,14
1296,KENT,Hollander,Josh,R,R,16
1272,KENT,Hawkins,Reilly,L,R,14
1269,KENT,Havekost,Austin,R,R,16
1257,KENT,Hamilton,Brad,R,R,15
1198,KENT,Ferguson,Patrick,L,R,17
1187,KENT,Elsen,Nick,R,R,18
1168,KENT,Drabick,Tyler,R,R,17
1164,KENT,Dobos,Kevin,R,R,17
1151,KENT,Deats,Peyton,R,L,18
1095,KENT,Carew,Ben,R,R,17
1714,LOU,Wyatt,Logan,L,L,16
1711,LOU,Wolf,Adam,L,L,16
1693,LOU,Welsh,Mac,R,R,15
1661,LOU,Thompson,Riley,R,R,16
1647,LOU,Sullivan,Gavin,L,L,18
1644,LOU,Stringer,Ethan,R,R,16
1641,LOU,Stowers,Josh,R,R,15
1622,LOU,Snider,Jake,L,R,16
1619,LOU,Smiddy,Shay,R,R,17
1573,LOU,Rumoro,Pat,R,R,15
1523,LOU,Pinkham,Zeke,L,R,15
1499,LOU,Oriente,Danny,R,R,16
1472,LOU,Mundt,JD,L,L,16
1448,LOU,Miller,Bobby,R,R,18
1423,LOU,McAvene,Michael,R,R,17
1414,LOU,Martin,Rabon,L,L,15
1400,LOU,Mann,Devin,R,R,15
1373,LOU,Lavey,Justin,R,R,16
1343,LOU,Kirian,Michael,L,L,18
1314,LOU,Jenkins,Liam,R,R,16
1292,LOU,Hoeing,Bryan,R,R,16
1202,LOU,Fitzgerald,Tyler,R,R,16
1186,LOU,Elliott,Adam,L,L,16
1176,LOU,Dunn,Lucas,R,R,17
1162,LOU,Dickey,Austin,R,R,17
1160,LOU,Detmers,Reid,L,L,18
1139,LOU,Currie,Stewart,R,R,17
1121,LOU,Conway,Austin,R,R,14
1088,LOU,Campbell,Drew,L,L,16
1065,LOU,Britton,Zach,L,R,17
1053,LOU,Bordner,Sam,R,R,16
1045,LOU,Bianco,Ben,R,R,17
1042,LOU,Bennett,Nick,L,L,17
1008,LOU,Albanese,Glenn,R,R,18
104,LOU,Henzman,Lincoln,R,R,15
31,LOU,Alphin,Brandon,R,R,12
30,LOU,White,Mike,L,L,12
29,LOU,Lucas,Zach,R,R,12
28,LOU,Whiting,Sutton,S,R,12
27,LOU,Philley,Jonah,L,R,13
26,LOU,Strader,Robert,R,L,14
25,LOU,Baird,Butch,L,L,15
24,LOU,Funkhouser,Kyle,R,R,13
23,LOU,Rosenbaum,Danny,R,R,13
22,LOU,Kidston,Anthony,R,R,13
21,LOU,Burdi,Zack,R,R,14
20,LOU,Smith,Will,R,R,14
19,LOU,Shoffner,Daylan,L,L,14
18,LOU,Solak,Nick,R,R,14
17,LOU,Ray,Corey,L,L,14
16,LOU,Harrington,Drew,R,L,14
15,LOU,Leland,Sean,R,R,15
14,LOU,Tiberi,Blake,L,R,14
13,LOU,Clemons,Austin,R,R,15
12,LOU,Sparger,Jake,R,R,15
11,LOU,Fitch,Colby,L,R,15
10,LOU,Hummel,Shane,R,R,14
9,LOU,McKay,Brendan,L,L,15
8,LOU,Lyman,Colin,L,R,14
7,LOU,Bollmer,Michael,R,R,14
6,LOU,Summers,Ryan,R,R,14
5,LOU,Hairston,Devin,R,R,15
4,LOU,McClure,Kade,R,R,15
3,LOU,Ellis,Drew,R,R,15
2,LOU,Dale,Chandler,R,R,15
1,LOU,Taylor,Logan,R,R,14
1668,MASON,Turner,Tim,L,L,15
1621,MASON,Smith,Michael,L,L,14
1575,MASON,Ryan,Jakob,R,L,17
1540,MASON,Quinn,Tim,L,L,15
1531,MASON,Popatak,Greg,L,R,15
1492,MASON,O'Mara,Mason,R,R,18
1480,MASON,Nelin,Tyler,R,R,14
1465,MASON,Morgan,Scott,L,R,17
1447,MASON,Miles,Ryan,R,R,18
1403,MASON,Marconi,Brian,R,L,16
1335,MASON,Kelly,Trevor,R,R,14
1172,MASON,Driscoll,Logan,L,R,16
1171,MASON,Driscoll,Garett,R,R,13
1086,MASON,Callahan,John,R,R,16
1066,MASON,Brooks,Daniel,S,R,18
1016,MASON,Aponte,Alejandro,S,R,15
1005,MASON,Aguilera,Saul,R,R,15
1002,MASON,Acker,Brady,R,R,14
1651,MOR,Sustersic,Sam,R,R,15
1624,MOR,Snyder,Trevor,R,R,15
1609,MOR,Shoupe,Brody,R,R,16
1604,MOR,Sherman,John,R,R,18
1583,MOR,Satterly,TJ,R,R,16
1544,MOR,Rapp,Adam,L,R,15
1536,MOR,Purnell,Jeff,R,R,17
1513,MOR,Pauly,Connor,L,L,15
1485,MOR,Niemann,Tyler,L,R,14
1467,MOR,Morris,Braxton,R,R,15
1385,MOR,Looney,David,L,L,16
1375,MOR,Leonard,Reid,R,R,15
1278,MOR,Hensor,Bryce,R,R,17
1266,MOR,Harvey,Lane,R,R,15
1261,MOR,Hammon,Jake,L,R,15
1214,MOR,Freese,Jordan,L,R,15
1193,MOR,Fain,Hunter,R,R,15
1135,MOR,Crosby,Grant,L,L,17
1122,MOR,Conway,Cory,L,L,17
1089,MOR,Cantu,Kyle,R,R,15
1052,MOR,Boggess,Eli,R,R,14
1032,MOR,Baumgart,Josh,R,R,15
1708,NCST,Wilson,Will,R,R,17
1672,NCST,Vazquez,David,R,R,18
1656,NCST,Tatum,Terrell,L,L,18
1653,NCST,Swiney,Nick,R,L,18
1603,NCST,Shepard,Shane,L,R,15
1524,NCST,Pitarra,Stephen,L,R,15
1521,NCST,Piedmonte,Johnny,R,R,14
1493,NCST,Oakley,Steven,R,R,16
1432,NCST,Mclain,Josh,R,R,15
1345,NCST,Klyman,Kent,L,L,17
1341,NCST,Kinneman,Brett,L,L,16
1327,NCST,Justice,Evan,L,L,18
1312,NCST,Jarrett,JT,R,R,18
1224,NCST,Gauthier,Mathieu,R,R,17
1184,NCST,Edwards,Evan,L,L,16
1152,NCST,Debo,Brad,L,R,17
1150,NCST,Deatherage,Brock,L,L,15
1124,NCST,Cooper,Dillon,R,R,16
1119,NCST,Conley,Jack,R,R,16
1106,NCST,Clenney,Nolan,R,R,15
1070,NCST,Brown,Devonte,R,R,18
1068,NCST,Brown,Brian,L,L,15
1046,NCST,Bienlien,Michael,R,R,17
1022,NCST,Bailey,Patrick,S,R,18
1675,ND,Vorsheck,Charlie,R,R,15
1674,ND,Vierling,Matt,R,R,16
1669,ND,Vail,Tommy,R,L,18
1666,ND,Tully,Scott,L,L,14
1613,ND,Singer,Jake,R,R,16
1602,ND,Sheehan,Tommy,L,L,18
1601,ND,Sheehan,Jack,R,R,17
1527,ND,Podkul,Nick,R,R,16
1478,ND,Myers,Spencer,S,R,18
1466,ND,Morrell,Brian,S,R,18
1451,ND,Miller,Jared,S,R,18
1426,ND,McDonald,Patrick,R,R,17
1415,ND,Martin,Zack,R,R,17
1362,ND,LaManna,David,R,R,18
1347,ND,Knarr,Brandon,R,L,18
1346,ND,Kmet,Cole,R,L,18
1339,ND,Kerschner,Alex,R,L,15
1332,ND,Kavadas,Niko,L,R,18
1326,ND,Junker,Cameron,R,R,17
1324,ND,Jung,Daniel,L,L,17
1315,ND,Johnson,Jake,L,L,15
1311,ND,James,Matt,R,R,18
1298,ND,Holubecki,Anthony,R,R,17
1245,ND,Gray,Bryce,R,R,17
1229,ND,Gilgenbach,Eric,R,R,16
1197,ND,Feliz,Eric,R,R,16
1170,ND,Dreznin,Zachary,R,R,18
1140,ND,Daily,Cole,L,R,16
1114,ND,Combs,Shane,R,R,16
1110,ND,Cole,Ryan,R,R,18
1069,ND,Brown,Cameron,L,L,17
1058,ND,Boyle,Joe,R,R,18
1038,ND,Belcik,Andrew,R,R,17
1017,ND,Arndorfer,John,L,R,18
1572,NKU,Rowland,Travis,R,R,15
1559,NKU,Roberts,Chad,L,R,15
1553,NKU,Richmond,Jake,R,R,14
1546,NKU,Rattai,Nolan,R,R,16
1507,NKU,Paradis,Shane,R,R,17
1443,NKU,Mercurio,Dominic,R,R,15
1412,NKU,Martin,Joe,R,R,16
1333,NKU,Kelley,Patrick,R,R,15
1293,NKU,Hohman,Collin,R,R,18
1275,NKU,Heavilin,Cole,R,R,16
1268,NKU,Haueter,Will,R,R,15
1166,NKU,Doersching,Griffin,R,R,18
1020,NKU,Bacon,Andrew,R,R,18
1715,PITT,Yanni,David,L,R,16
1694,PITT,West,Derek,R,R,16
1682,PITT,Washington,Ron,R,R,18
1620,PITT,Smith,Chase,R,R,18
1577,PITT,Sabino,Liam,R,R,15
1520,PITT,Pidich,Matt,R,R,14
1517,PITT,Perry,Connor,L,L,16
1510,PITT,Parry,Caleb,R,R,14
1504,PITT,Pagan,TJ,R,R,15
1396,PITT,Maldonado,Frank,R,R,14
1393,PITT,Maclaren,Cole,R,R,16
1260,PITT,Hammer,Dan,R,R,17
1216,PITT,Freure,RJ,R,R,17
1102,PITT,Chentouf,Yaya,R,R,15
1092,PITT,Cappas,Chris,L,L,18
1087,PITT,Calvo,Blair,R,R,15
1028,PITT,Banman,Nick,L,R,15
1671,RICH,Vaught,Cullen,R,R,15
1592,RICH,Schulefand,Jordan,R,R,18
1588,RICH,Schmidt,Kyle,R,R,16
1526,RICH,Plantier,Tyler,R,R,14
1456,RICH,Miller,Tim,R,R,17
1377,RICH,Light,Dalton,R,R,16
1374,RICH,Lee,DJ,L,R,15
1358,RICH,Kurtz,Zach,R,R,16
1207,RICH,Forte,Anthony,L,R,16
1123,RICH,Cook,Justin,R,R,17
1093,RICH,Capra,Vinny,R,R,15
1073,RICH,Brumbaugh,Daniel,L,R,15
1072,RICH,Bruhl,Sage,R,R,16
1026,RICH,Balducci,Antonio,L,L,18
1004,RICH,Adams,Kyle,L,R,15
1706,TTU,Wilson,Kurt,R,R,18
1701,TTU,Willems,Zayne,S,R,15
1681,TTU,Warren,Cameron,R,R,16
1645,TTU,Sublette,Ryan,R,R,18
1612,TTU,Simonich,Kc,L,R,18
1605,TTU,Shetter,Ryan,R,R,16
1549,TTU,Rheams,Zach,R,R,15
1539,TTU,Quezada,Jose,R,R,15
1538,TTU,Queen,Connor,R,R,17
1433,TTU,Mcmillon,John,L,R,17
1421,TTU,Masters,Cody,S,L,18
1411,TTU,Martin,Davis,R,R,16
1378,TTU,Little,Grant,R,R,17
1350,TTU,Koelzer,Clay,S,R,17
1344,TTU,Klein,Brian,L,R,17
1340,TTU,Kilian,Caleb,R,R,17
1325,TTU,Jung,Josh,R,R,17
1297,TTU,Holt,Gabe,L,R,18
1270,TTU,Haveman,Dane,L,L,17
1262,TTU,Harpenau,Ty,R,R,16
1238,TTU,Gonzalez,John Henry,R,R,17
1228,TTU,Gilbert,Richard,R,L,18
1220,TTU,Fulford,Braxton,R,R,18
1212,TTU,Freeman,Caleb,R,R,17
1194,TTU,Farhat,Cody,R,R,16
1146,TTU,Davis,Michael,R,L,15
1034,TTU,Beck,Connor,R,R,14
1632,UK,Squires,Troy,L,R,15
1607,UK,Shinn,Ryan,R,L,16
1567,UK,Rodriguez,Alex,R,R,16
1543,UK,Ramsey,Jimmy,L,R,18
1530,UK,Pompey,Tristan,S,R,16
1429,UK,McGeorge,Aaron,R,R,16
1406,UK,Marshall,Brett,L,R,17
1397,UK,Maley,Alec,R,R,15
1392,UK,Machamer,Chris,R,R,17
1316,UK,Johnson,Ryan,R,L,16
1286,UK,Heyer,Luke,R,R,15
1273,UK,Hazelwood,Mason,L,L,18
1263,UK,Harper,Daniel,R,R,18
1147,UK,Dawson,Trey,R,R,16
1127,UK,Cottam,Kole,R,R,16
1111,UK,Coleman,Carson,R,R,17
1035,UK,Becker,Luke,S,R,15
1007,UK,Aklinski,Ben,R,R,16
2000,UK,White,Evan,R,L,15
2001,UK,Cleary,Colton,,,14
2002,UK,Reks,Zach,,,14
2003,UK,Salow,Logan,,,14
2004,UK,McNeill,Gunnar,,,14
2005,UK,Wilson,Storm,,,14
2006,UK,Heady,Connor,,,14
2007,UK,Pop,Zach,,,15
2008,UK,Schaenzer,Brad,,,15
2009,UK,Becker,Luke,,,15
2010,UK,Marshall,Tyler,,,15
2011,UK,Mahan,Riley,,,15
2001,UK,Carson,Marcus,,,14
1720,UNC,Zarate,Angel,L,L,18
1659,UNC,Tessar,Dallas,R,R,16
1646,UNC,Sugg,Taylor,R,R,16
1560,UNC,Roberts,Cody,R,R,16
1554,UNC,Riley,Brandon,L,R,16
1490,UNC,O'Brien,Caden,R,L,18
1428,UNC,Mcgee,Ashton,L,R,17
1416,UNC,Martorano,Brandon,R,R,17
1307,UNC,Inclan,Clemente,L,L,18
1287,UNC,Hiatt,Josh,R,R,16
1285,UNC,Hesterlee,Jackson,L,R,16
1221,UNC,Gahagan,Zack,R,R,15
1213,UNC,Freeman,Ike,R,R,17
1190,UNC,Enwiller,Dylan,R,R,16
1142,UNC,Datres,Kyle,R,R,16
1141,UNC,Daniels,Brett,R,R,15
1133,UNC,Criswell,Cooper,R,R,16
1098,UNC,Casparius,Ben,R,R,18
1084,UNC,Butler,Hansen,R,R,15
1081,UNC,Busch,Michael,L,R,17
1060,UNC,Brandenburg,Kip,R,R,17
1043,UNC,Bergner,Austin,R,R,17
1031,UNC,Baum,Tyler,R,R,17
1707,UVA,Wilson,Riley,L,L,15
1691,UVA,Weiller,Jack,L,R,16
1689,UVA,Weber,Andy,L,R,16
1655,UVA,Tappen,Alex,R,R,18
1627,UVA,Sousa,Bennett,L,L,15
1558,UVA,Rivoli,Brendan,L,R,18
1551,UVA,Richardson,Cayman,R,R,17
1501,UVA,Ortiz,Devin,R,R,18
1488,UVA,Novak,Justin,R,R,15
1484,UVA,Nicholson,Bobby,R,R,17
1475,UVA,Murdock,Noah,R,R,17
1468,UVA,Morris,Tanner,L,R,18
1391,UVA,Lynch,Daniel,L,L,16
1348,UVA,Knight,Caleb,R,R,15
1185,UVA,Eikhoff,Nate,L,R,16
1115,UVA,Comer,Cameron,L,R,16
1107,UVA,Cody,Charlie,R,R,15
1097,UVA,Casey,Derek,R,R,15
1000,UVA,Abbott,Andrew,L,L,18
1705,VAN,Willis,Justin,R,R,18
1640,VAN,Stover,Paxton,L,L,15
1596,VAN,Scott,Stephen,L,R,16
1585,VAN,Schaller,Reid,R,R,17
1547,VAN,Ray,Harrison,R,R,17
1512,VAN,Paul,Ethan,L,R,16
1408,VAN,Martin,Austin,R,R,18
1328,VAN,Kaiser,Connor,R,R,16
1319,VAN,Jones,Alonzo,S,R,16
1308,VAN,Infante,Julian,R,R,16
1252,VAN,Grisanti,Walker,L,R,16
1237,VAN,Gonzalez,Jayson,R,R,18
1183,VAN,Eder,Jake,L,L,18
1179,VAN,Duvall,Ty,L,R,17
1155,VAN,Demarco,Pat,R,R,18
1116,VAN,Conger,Maddux,R,R,16
1105,VAN,Clarke,Philip,L,R,18
1067,VAN,Brown,Aaron,R,R,18
1718,VT,Yoder,Connor,R,R,17
1688,VT,Webb,Andrew,R,R,16
1648,VT,Sullivan,Joey,L,R,15
1638,VT,Stoffel,Tom,L,L,14
1600,VT,Seymour,Ian,L,L,18
1597,VT,Seitz,Graham,R,R,17
1586,VT,Scherzer,Luke,R,R,14
1503,VT,Owens8,Nick,R,R,15
1502,VT,Owens2,Jack,R,R,15
1496,VT,Okuda,Ryan,L,L,18
1495,VT,Odachowski,Jojo,R,R,18
1473,VT,Mundy,JD,L,R,17
1441,VT,Menken,Nick,R,R,16
1425,VT,McDonald,Andrew,R,R,14
1399,VT,Mangrum,Stevie,R,R,16
1351,VT,Kokoska,Zach,L,L,18
1309,VT,Irvine,Cam,R,R,18
1299,VT,Horanski,Luke,L,R,15
1276,VT,Heflin,Hayden,R,R,14
1255,VT,Hall,Paul,L,L,16
1215,VT,Freiday,Joe,R,R,15
1210,VT,Fragale,Sam,R,R,14
1199,VT,Fernandez,Michael,L,R,18
1188,VT,Enright,Nic,R,R,16
1128,VT,Coward,Connor,R,R,15
1699,WCU,Wilder,Immanuel,R,R,18
1678,WCU,Walter,Chase,R,R,17
1630,WCU,Sparks,Justin,R,R,16
1611,WCU,Sikes,Corey,L,L,15
1565,WCU,Robinson,Luke,L,R,17
1564,WCU,Robinson,Caleb,R,R,15
1563,WCU,Robinson,Andrew,L,R,17
1537,WCU,Purus,Taylor,L,L,15
1533,WCU,Prater,Will,L,R,18
1486,WCU,Niezen,Jake,R,R,15
1460,WCU,Moebius,Jake,R,R,16
1459,WCU,Mitschele,Ryan,R,R,17
1349,WCU,Koehler,Matthew,L,R,15
1294,WCU,Holcomb,Spencer,R,R,15
1291,WCU,Hodges,Clay,L,L,15
1279,WCU,Henthorne,Colton,R,R,16
1219,WCU,Fricks,Bo,S,R,17
1211,WCU,Franklin,Zach,R,R,18
1090,WCU,Capell,Kitt,R,R,17
1077,WCU,Bullock,Andrew,L,R,16
1051,WCU,Blaquiere,Cameron,R,R,15
1047,WCU,Bigbie,Justice,R,R,18
1024,WCU,Baker,Tristan,L,L,16
1710,WF,Witt,Tyler,L,L,16
1650,WF,Supple,Rayne,R,R,16
1610,WF,Shuster,Jared,L,L,18
1599,WF,Seymour,Bobby,L,R,18
1561,WF,Roberts,Griffin,R,R,16
1532,WF,Poteet,Dj,S,R,18
1515,WF,Peluse,Colin,R,R,17
1474,WF,Muntz,Shane,R,R,18
1471,WF,Mueller,Jake,R,R,16
1440,WF,Menendez,Antonio,R,R,18
1435,WF,McSweeney,Morgan,R,R,17
1434,WF,Mcnamee,Cole,R,R,18
1417,WF,Mascolo,Chase,R,R,17
1389,WF,Ludowig,Michael,L,L,18
1383,WF,Long,Christian,R,R,17
1367,WF,Lanzilli,Chris,R,R,18
1274,WF,Hearn,Bobby,L,L,16
1267,WF,Harvey,Logan,R,R,16
1218,WF,Frick,Patrick,R,R,17
1203,WF,Fleming,William,R,R,18
1195,WF,Farish,Chris,R,R,14
1163,WF,Diponzio,Nick,L,R,17
1006,WF,Aiello,Johnny,R,R,16
1723,WKU,Zuberer,Ray,L,R,17
1662,WKU,Tibbs,Austin,R,L,15
1574,WKU,Ryan,Jake,R,R,16
1562,WKU,Robertson,Tyler,R,R,14
1552,WKU,Richardson,Maddex,R,R,18
1550,WKU,Rhinesmith,Jacob,L,L,16
1482,WKU,Newell,Troy,L,L,15
1481,WKU,Nelson,Dillon,L,R,16
1413,WKU,Martin,Michael,R,R,14
1384,WKU,Loomis,Devon,R,R,15
1370,WKU,Larsen,Chase,R,R,16
1363,WKU,Lambert,Kevin,R,R,17
1354,WKU,Kraft,Steven,R,R,15
1288,WKU,Hicks,Michael,R,R,17
1247,WKU,Green,Jacob,R,R,16
1138,WKU,Currie,Colie,L,L,15
1120,WKU,Constantine,Richard,R,R,17
1082,WKU,Butkiewicz,Colin,R,R,15
1074,WKU,Brunson,Nick,R,R,16
1071,WKU,Brown,Luke,L,R,18
1057,WKU,Boyd,Conner,R,R,15
1003,WKU,Acosta,Evan,R,L,16
1685,WRST,Weatherford,Zach,L,R,15
1623,WRST,Snyder,Gabe,L,L,14
1616,WRST,Slone,Chase,R,R,15
1500,WRST,Orr,Jd,L,L,16
1469,WRST,Morrow,Matt,R,R,15
1464,WRST,Moores,Evan,R,R,16
1404,WRST,Marquez,Adrian,L,R,15
1320,WRST,Jones,Bentley,R,R,16
1265,WRST,Harris,Zane,L,R,17
1258,WRST,Hamilton,Quincy,L,L,17
1249,WRST,Gremling,Mitch,R,R,17
1246,WRST,Gray,Seth,L,R,17
1208,WRST,Foster,Jason,R,R,15
1080,WRST,Burdick,Peyton,R,R,16
1040,WRST,Bellomy,Bear,R,R,16
1010,WRST,Alders,Alex,R,R,16
1680,XU,Warkentin,Matt,R,L,16
1626,XU,Soria,Nate,R,R,15
1598,XU,Sexton,Andrew,L,L,17
1590,XU,Schramm,Trey,R,R,16
1461,XU,Monastra,Natale,R,R,17
1450,XU,Miller,Henry,L,R,18
1449,XU,Miller,Evan,R,R,18
1395,XU,Major,Allbry,S,R,18
1371,XU,Larue,Will,S,R,15
1337,XU,Kent,Matt,R,R,16
1251,XU,Griffiths,Blaine,S,R,15
1242,XU,Grammes,Conor,R,R,17
1233,XU,Givin,Chris,R,R,16
1225,XU,Gellenbeck,Joe,R,R,14
1222,XU,Gallagher,Mitch,R,R,15
1012,XU,Altenberger,Ryan,L,R,18
1690,YSU,Wehler,Jeff,R,R,18
1665,YSU,Trace,Austin,R,R,18
1608,YSU,Shivak,Andrew,R,R,18
1479,YSU,Nasonti,Lucas,R,R,18
1462,YSU,Montgomery,Tanner,R,R,17
1458,YSU,Minney,Zack,R,R,16
1420,YSU,Massey,Nick,L,R,16
1386,YSU,Lopatka,Zach,L,L,16
1361,YSU,Labrasca,Nick,R,R,18
1336,YSU,Kendrick,Andrew,R,R,15
1254,YSU,Hake,Joel,R,R,16
1234,YSU,Glenn,Blaze,R,R,17
1205,YSU,Floyd,Collin,L,L,16
1180,YSU,Earich,Dalton,R,R,18
1175,YSU,Dunham,Greg,R,R,17
1161,YSU,Dickerson,Drew,R,R,16
1159,YSU,Deshields,Kip,L,R,16
1157,YSU,Dennis,Cody,R,R,17
1112,YSU,Coles,Chad,R,R,18
1100,YSU,Charles,Web,R,R,16
1096,YSU,Caruso,Nick,R,R,16
1094,YSU,Cardona,Lou,R,R,17
1083,YSU,Butler,Austin,R,R,15
1075,YSU,Brustoski,Jakob,L,L,18
1064,YSU,Bridis,Trey,R,R,15
1039,YSU,Bellardini,Alex,R,R,15